{
    "Version": "2012-10-17",
    "Statement": [
        {
            "Action": [
                "ec2:CreateVolume",
                "ec2:DeleteVolume",
                "ec2:RunInstances",
                "ec2:TerminateInstances"
            ],
            "Resource": [
                "arn:%%AWS_PARTITION%%:ec2:*:%%AWS_ACCOUNT_ID%%:subnet/*",
                "arn:%%AWS_PARTITION%%:ec2:*:%%AWS_ACCOUNT_ID%%:key-pair/*",
                "arn:%%AWS_PARTITION%%:ec2:*:%%AWS_ACCOUNT_ID%%:instance/*",
                "arn:%%AWS_PARTITION%%:ec2:*::snapshot/*",
                "arn:%%AWS_PARTITION%%:ec2:*:%%AWS_ACCOUNT_ID%%:launch-template/*",
                "arn:%%AWS_PARTITION%%:ec2:*:%%AWS_ACCOUNT_ID%%:volume/*",
                "arn:%%AWS_PARTITION%%:ec2:*:%%AWS_ACCOUNT_ID%%:security-group/*",
                "arn:%%AWS_PARTITION%%:ec2:*:%%AWS_ACCOUNT_ID%%:placement-group/*",
                "arn:%%AWS_PARTITION%%:ec2:*:%%AWS_ACCOUNT_ID%%:network-interface/*",
                "arn:%%AWS_PARTITION%%:ec2:*::image/*"
            ],
            "Effect": "Allow"
        },
        {
            "Action": [
                "ec2:DescribeSnapshots",
                "ec2:DescribeVolumes",
                "elasticfilesystem:DescribeFilesystems",
                "kms:DescribeKey",
                "elasticfilesystem:CreateFilesystem"
            ],
            "Resource": "*",
            "Effect": "Allow"
        },
        {
            "Action": [
                "iam:PassRole"
            ],
            "Resource": [
                "%%SCHEDULER_ROLE_ARN%%",
                "%%COMPUTE_NODE_ROLE_ARN%%"
            ],
            "Effect": "Allow"
        },
        {
            "Action": [
                "elasticfilesystem:Restore",
                "elasticfilesystem:DeleteFilesystem"
            ],
            "Resource": "arn:%%AWS_PARTITION%%:elasticfilesystem:%%AWS_REGION%%:%%AWS_ACCOUNT_ID%%:file-system/*",
            "Effect": "Allow"
        },
        {
            "Condition": {
                "StringLike": {
                    "kms:ViaService": [
                        "ec2.*.amazonaws.com",
                        "elasticfilesystem.*.amazonaws.com"
                    ]
                }
            },
            "Action": [
                "kms:Decrypt",
                "kms:Encrypt",
                "kms:GenerateDataKey",
                "kms:ReEncryptTo",
                "kms:ReEncryptFrom"
            ],
            "Resource": "*",
            "Effect": "Allow"
        },
        {
            "Condition": {
                "Bool": {
                    "kms:GrantIsForAWSResource": "true"
                }
            },
            "Action": "kms:CreateGrant",
            "Resource": "*",
            "Effect": "Allow"
        },
        {
            "Condition": {
                "ForAllValues:ArnEqualsIfExists": {
                    "ec2:Vpc": "arn:%%AWS_PARTITION%%:ec2:%%AWS_REGION%%:%%AWS_ACCOUNT_ID%%:vpc/%%VPC_ID%%"
                }
            },
            "Action": [
                "ec2:CopyImage",
                "ec2:CopySnapshot",
                "ec2:CreateImage",
                "ec2:CreateSnapshot",
                "ec2:CreateTags",
                "ec2:DeleteSnapshot",
                "ec2:DeregisterImage"
            ],
            "Resource": [
                "arn:%%AWS_PARTITION%%:ec2:*:%%AWS_ACCOUNT_ID%%:subnet/*",
                "arn:%%AWS_PARTITION%%:ec2:*:%%AWS_ACCOUNT_ID%%:key-pair/*",
                "arn:%%AWS_PARTITION%%:ec2:*:%%AWS_ACCOUNT_ID%%:instance/*",
                "arn:%%AWS_PARTITION%%:ec2:*::snapshot/*",
                "arn:%%AWS_PARTITION%%:ec2:*:%%AWS_ACCOUNT_ID%%:launch-template/*",
                "arn:%%AWS_PARTITION%%:ec2:*:%%AWS_ACCOUNT_ID%%:volume/*",
                "arn:%%AWS_PARTITION%%:ec2:*:%%AWS_ACCOUNT_ID%%:security-group/*",
                "arn:%%AWS_PARTITION%%:ec2:*:%%AWS_ACCOUNT_ID%%:placement-group/*",
                "arn:%%AWS_PARTITION%%:ec2:*:%%AWS_ACCOUNT_ID%%:network-interface/*",
                "arn:%%AWS_PARTITION%%:ec2:*::image/*"
            ],
            "Effect": "Allow"
        },
        {
            "Action": [
                "backup:DescribeBackupVault",
                "ec2:DescribeSnapshots",
                "ec2:DescribeTags",
                "ec2:DescribeImages",
                "ec2:DescribeInstances",
                "ec2:DescribeInstanceAttribute",
                "ec2:DescribeInstanceCreditSpecifications",
                "ec2:DescribeNetworkInterfaces",
                "ec2:DescribeElasticGpus",
                "ec2:DescribeVolumes",
                "ec2:DescribeSpotInstanceRequests",
                "elasticfilesystem:DescribeTags",
                "kms:DescribeKey",
                "tag:GetResources",
                "ec2:CopyImage",
                "ec2:CreateImage",
                "ec2:DeregisterImage"
            ],
            "Resource": "*",
            "Effect": "Allow"
        },
        {
            "Action": [
                "backup:CopyIntoBackupVault",
                "backup:DescribeBackupVault"
            ],
            "Resource": "arn:%%AWS_PARTITION%%:backup:%%AWS_REGION%%:%%AWS_ACCOUNT_ID%%:backup-vault/*",
            "Effect": "Allow"
        },
        {
            "Action": [
                "elasticfilesystem:Backup"
            ],
            "Resource": "arn:%%AWS_PARTITION%%:elasticfilesystem:%%AWS_REGION%%:%%AWS_ACCOUNT_ID%%:file-system/*",
            "Effect": "Allow"
        },
        {
            "Condition": {
                "Bool": {
                    "kms:GrantIsForAWSResource": "true"
                }
            },
            "Action": "kms:CreateGrant",
            "Resource": "*",
            "Effect": "Allow"
        },
        {
            "Condition": {
                "StringLike": {
                    "kms:ViaService": [
                        "ec2.*.amazonaws.com"
                    ]
                }
            },
            "Action": [
                "kms:GenerateDataKeyWithoutPlaintext"
            ],
            "Resource": "arn:%%AWS_PARTITION%%:kms:%%AWS_REGION%%:%%AWS_ACCOUNT_ID%%:key/*",
            "Effect": "Allow"
        }
    ]
}