{
    "Version": "2012-10-17",
    "Statement": [
        {
            "Sid": "CREATEPermissionsToInstallSOCA",
            "Effect": "Allow",
            "Action": [
                "SNS:CreateTopic",
                "SNS:GetTopicAttributes",
                "SNS:ListSubscriptionsByTopic",
                "SNS:SetTopicAttributes",
                "SNS:Subscribe",
                "SNS:TagResource",
                "backup-storage:MountCapsule",
                "backup:CreateBackupPlan",
                "backup:CreateBackupSelection",
                "backup:CreateBackupVault",
                "backup:DescribeBackupVault",
                "backup:GetBackupPlan",
                "backup:GetBackupSelection",
                "backup:TagResource",
                "cloudformation:CreateChangeSet",
                "cloudformation:CreateStack",
                "cloudformation:DeleteChangeSet",
                "cloudformation:DescribeChangeSet",
                "cloudformation:DescribeStackEvents",
                "cloudformation:DescribeStacks",
                "cloudformation:ExecuteChangeSet",
                "cloudformation:GetTemplate",
                "cloudformation:UpdateTerminationProtection",
                "cloudwatch:PutMetricAlarm",
                "ds:CreateMicrosoftAD",
                "ds:DescribeDirectories",
                "ec2:AllocateAddress",
                "ec2:AssociateAddress",
                "ec2:AssociateRouteTable",
                "ec2:AttachInternetGateway",
                "ec2:AuthorizeSecurityGroupEgress",
                "ec2:AuthorizeSecurityGroupIngress",
                "ec2:CreateFlowLogs",
                "ec2:CreateInternetGateway",
                "ec2:CreateNatGateway",
                "ec2:CreateNetworkInterface",
                "ec2:CreateNetworkInterfacePermission",
                "ec2:CreateRoute",
                "ec2:CreateRouteTable",
                "ec2:CreateSecurityGroup",
                "ec2:CreateSubnet",
                "ec2:CreateTags",
                "ec2:CreateVpc",
                "ec2:CreateVpcEndpoint",
                "ec2:DescribeAddresses",
                "ec2:DescribeAvailabilityZones",
                "ec2:DescribeFlowLogs",
                "ec2:DescribeInstances",
                "ec2:DescribeInternetGateways",
                "ec2:DescribeKeyPairs",
                "ec2:DescribeNatGateways",
                "ec2:DescribeNetworkInterfaces",
                "ec2:DescribeNetwork*",
                "ec2:DescribeRegions",
                "ec2:DescribeRouteTables",
                "ec2:DescribeSecurityGroups",
                "ec2:DescribeSubnets",
                "ec2:DescribeVpcAttribute",
                "ec2:DescribeVpcEndpoints",
                "ec2:DescribeVpcs",
                "ec2:ModifySubnetAttribute",
                "ec2:ModifyVpcAttribute",
                "ec2:RevokeSecurityGroupEgress",
                "ec2:RunInstances",
                "elasticfilesystem:CreateFileSystem",
                "elasticfilesystem:CreateMountTarget",
                "elasticfilesystem:DescribeFileSystems",
                "elasticfilesystem:DescribeMountTargets",
                "elasticfilesystem:PutLifecycleConfiguration",
                "elasticloadbalancing:AddTags",
                "elasticloadbalancing:CreateListener",
                "elasticloadbalancing:CreateLoadBalancer",
                "elasticloadbalancing:CreateRule",
                "elasticloadbalancing:CreateTargetGroup",
                "elasticloadbalancing:DeleteTargetGroup",
                "elasticloadbalancing:DescribeListeners",
                "elasticloadbalancing:DescribeLoadBalancers",
                "elasticloadbalancing:DescribeRules",
                "elasticloadbalancing:DescribeTargetGroups",
                "elasticloadbalancing:DescribeTargetHealth",
                "elasticloadbalancing:ModifyLoadBalancerAttributes",
                "elasticloadbalancing:ModifyRule",
                "elasticloadbalancing:RegisterTargets",
                "es:AddTags",
                "es:CreateElasticsearchDomain",
                "es:DescribeElasticsearchDomain",
                "fsx:CreateFileSystem",
                "fsx:DescribeFileSystems",
                "fsx:TagResource",
                "iam:AddRoleToInstanceProfile",
                "iam:AttachRolePolicy",
                "iam:CreateInstanceProfile",
                "iam:CreateRole",
                "iam:GetRole",
                "iam:GetRolePolicy",
                "iam:ListRoles",
                "iam:PassRole",
                "iam:PutRolePolicy",
                "iam:TagRole",
                "kms:CreateGrant",
                "kms:Decrypt",
                "kms:DescribeKey",
                "kms:GenerateDataKey",
                "kms:RetireGrant",
                "lambda:AddPermission",
                "lambda:CreateFunction",
                "lambda:GetFunction",
                "lambda:InvokeFunction",
                "logs:CreateLogGroup",
                "logs:DescribeLogGroups",
                "logs:PutRetentionPolicy",
                "route53resolver:AssociateResolverEndpointIpAddress",
                "route53resolver:AssociateResolverRule",
                "route53resolver:CreateResolverEndpoint",
                "route53resolver:CreateResolverRule",
                "route53resolver:GetResolverEndpoint",
                "route53resolver:GetResolverRule",
                "route53resolver:GetResolverRuleAssociation",
                "route53resolver:PutResolverRulePolicy",
                "route53resolver:TagResource",
                "s3:*Object",
                "s3:GetBucketLocation",
                "s3:ListBucket",
                "secretsmanager:CreateSecret",
                "secretsmanager:TagResource",
                "sts:DecodeAuthorizationMessage"
            ],
            "Resource": "*"
        },
        {
            "Sid": "DELETEPermissionsIfSOCAInstallFails",
            "Effect": "Allow",
            "Action": [
                "SNS:DeleteTopic",
                "SNS:Unsubscribe",
                "backup:DeleteBackupPlan",
                "backup:DeleteBackupSelection",
                "backup:DeleteBackupVault",
                "cloudformation:DeleteChangeSet",
                "cloudformation:DeleteStack",
                "cloudwatch:DeleteAlarms",
                "ds:DeleteDirectory",
                "ec2:DeleteFlowLogs",
                "ec2:DeleteInternetGateway",
                "ec2:DeleteNatGateway",
                "ec2:DeleteNetworkInterface",
                "ec2:DeleteRoute",
                "ec2:DeleteRouteTable",
                "ec2:DeleteSecurityGroup",
                "ec2:DeleteSubnet",
                "ec2:DeleteVpc",
                "ec2:DeleteVpcEndpoints",
                "ec2:DescribeVpcEndpoints",
                "ec2:DetachInternetGateway",
                "ec2:DisassociateAddress",
                "ec2:DisassociateRouteTable",
                "ec2:ReleaseAddress",
                "ec2:RevokeSecurityGroupIngress",
                "ec2:TerminateInstances",
                "ecr:DeleteRepository",
                "elasticfilesystem:DeleteFileSystem",
                "elasticfilesystem:DeleteMountTarget",
                "elasticloadbalancing:DeRegisterTargets",
                "elasticloadbalancing:DeleteListener",
                "elasticloadbalancing:DeleteLoadBalancer",
                "elasticloadbalancing:DeleteRule",
                "es:DeleteElasticsearchDomain",
                "fsx:DeleteFileSystem",
                "iam:DeleteInstanceProfile",
                "iam:DeleteRole",
                "iam:DeleteRolePolicy",
                "iam:DeleteServiceLinkedRole",
                "iam:DetachRolePolicy",
                "iam:RemoveRoleFromInstanceProfile",
                "lambda:DeleteFunction",
                "lambda:RemovePermission",
                "logs:DeleteLogGroup",
                "route53resolver:DeleteResolverEndpoint",
                "route53resolver:DeleteResolverRule",
                "route53resolver:DisassociateResolverRule",
                "secretsmanager:DeleteSecret",
                "s3:DeleteBucketPolicy"
            ],
            "Resource": "*"
        },
          {
            "Sid": "CreateCDKToolkitIfNeeded",
            "Effect": "Allow",
            "Action": [
                "s3:PutEncryptionConfiguration",
                "s3:PutBucketVersioning",
                "s3:PutBucketPublicAccessBlock",
                "s3:PutBucketPolicy",
                "s3:CreateBucket"
            ],
            "Resource": "arn:aws:s3:::cdk*"
        },
        {
            "Sid": "CreateCDKToolkitIfNeeded2",
            "Effect": "Allow",
            "Action": [
                "ecr:CreateRepository",
                "ecr:DescribeRepositories",
                "ec2:DescribeAccountAttributes",
                "es:CreateServiceLinkedRole",
                "ssm:GetParameter",
                "ssm:GetParameters",
                "ssm:PutParameter",
                "ssm:DeleteParameter",
                "iam:CreateRole",
                "iam:CreateServiceLinkedRole",
                "iam:GetRole",
                "iam:PutRolePolicy"
            ],
            "Resource": "*"
        }
    ]
}
